					
	Korean	Definition	English	Context	Hashtags
	 골골	고양이가 기분이 좋거나 편할 때 내는 소리	❶ : meow ❷ : mew ❸ : purr ❹ : yeow ❺ : mreow ❻ : me-yow		#동물 #소리
	갸웃(거리다/대다)	❶ : 고개나 몸 따위를 한쪽으로 조금 비스듬히 기울이는 모양 ❷ : 궁금하거나 관심있는 것의 주위를 서성이다	❶ : confused ❷ : ponder ❸ : scan ❹ : study  ❺ : tilt		#행동 #모션
	갸웃(거리다/대다)	❸ : 어떤 의견이나 그 내용을 찬찬히 살피거나 잘 따져 봄	❶ : tilt ❷ : analyze ❸ : inspect ❹ : ponder ❺ : study		#모션 #머리 #제가 산 건 땅이지 남자가 아닌데요_KR_1
	게슴츠레	눈에 힘이 없이 아주 흐릿하여 거의 감길 듯한 모양	squint		#눈
	고롱고롱	고양이가 기분이 좋거나 편할 때 내는 소리	❶ : purr ❷ : yeow ❸ : mreow ❹ : me-yow		#동물 #소리
	곰곰	어떤 의견이나 그 내용을 찬찬히 살피거나 잘 따져 봄	❶ : analyze ❷ : inspect ❸ : ponder ❹ : study ❺ : scan ❻ : tilt		#감정
	구구구구	새나 비둘기가 우는 소리	❶ : chirp chirp ❷ : coo coo		#동물 #소리
	구릿	음식이 몹시 쉬거나 고기 따위가 많이 상해서 역한 냄새가 나는 상태	❶ : stench ❷ : stink ❸ : reek		#느낌 #상태
	궁시렁	마음에 탐탁하지 않아서 낮은 목소리로 자꾸 혼잣말을 하다	❶ : grumble ❷ : mumble		#작은소리 #소리 #감정
	그르르	사나운 짐승이 성내어 크게 울부짖는 소리	grrr		#동물 #소리 #화남
	긁적	세게 긁거나 문대는 소리를 자꾸 내다	❶ : scratch ❷ : ruffle ❸ : scruff		#작은모션 #행동 #소리
	까드득	단단한 물체가 강한 힘에 눌리어 깨지는 소리	❶ : crack ❷ : snap		#부서짐 #큰소리
	까딱	고개나 손발 따위를 앞뒤로 또는 아래위로 살짝 움직이는 모양을 나타내는 말	twitch		#작은모션
	까악	까마귀나 까치 따위가 우는 소리	caw		#동물 #소리
	깍	까마귀나 까치 따위가 우는 소리	caw		#동물 #소리
	깐족	쓸데없이 밉살스럽게 들러붙어 자꾸 말하다	tease		#행동 #모션
	깐죽	쓸데없이 밉살스럽게 들러붙어 자꾸 말하다	tease		#행동 #모션
	깜빡	불빛이나 별빛 따위가 잠깐 아주 어두워졌다가 밝아지는 모양	❶ : blink ❷ : flash		#작은모션
	깜짝	갑자기 놀라는 모양	❶ : surprised ❷ : gasp ❸ : flinch ❹ : jolt ❺ : wince		#표정 #감정 #느낌
	깨랑	목소리가 쇳소리처럼 맑으면서 또렷하고 힘있는 모양	mumble		#소리 #감정
	꺄르르	크고 경쾌하게 웃는 소리 (익살스럽게)	❶ : hahaha ❷ : hehehe ❸ : bwahaha ❹ : pfft ❺ : puahaha ❻ : giggle ❼ : chuckle		#웃음 #밝음 #소리 #아이 #여성
	꺄아	매우 놀라거나 위급할 때 갑자기 지르는 외마디소리	❶ : ahhhh ❷ : aaaaahhhhh ❸ : kyaaa ❸-🅐 : (Usage) Feminine. 		#큰소리 #놀람 #여성
	꼬르륵	❶ : 배가 고프거나 속이 거북하거나 할 때 뱃속이 끓는 소리를 나타내는 말	❶ : grumble ❷ : growl ❸ : rumble		#소리 #배
	꼬르륵	❷ : 액체가 좁은 구멍으로 가까스로 빠져나갈 때 나는 큰 소리를 나타내는 말	gurgle		#액체 #소리
	꼬옥	❶ : (소중히) 손을 잡는 모양	❶ : squeeze ❷ : clench ❸ : grab ❹ : grip		#행동 #모션
	꼬옥	❷ : (소중히) 포옹하는 모양	❶ : squeeze ❷ : grab		#행동 #모션
	꼴깍	적은 양의 액체나 음식 따위가 목구멍이나 좁은 구멍으로 단번에 넘어갈 때 나는 소리	gulp		#입 #소리 #식사
	꼴꼴	물 따위의 액체가 가는 줄기로 몰려서 조금씩 흐르는 소리	❶ : pour ❷ : glug		#액체 #소리
	꼼지락	자꾸 작게 움직이다	❶ : fidget ❷ : twiddle ❸ : wriggle		#작은모션 #행동
	꼼질	자꾸 작게 움직이다	❶ : fidget ❷ : twiddle ❸ : wriggle		#작은모션 #행동
	꽈악	힘을 주어 껴안는 모양	❶ : embrace ❷ : grab ❸ : hug ❹ : squeeze		#느낌 #모션
	꽈악	힘을 주어 묶는 모양	❶ : squeeze ❷ : clench ❸ : grab		#행동 #모션
	꽈악	주먹을 힘을 주어 꽉 쥐는 모양	❶ : clench ❷ : grip		#행동 #모션
	꽉	주먹을 힘을 주어 꽉 쥐는 모양	❶ : squeeze ❷ : clench ❸ : grab		#행동 #모션
	꽉	주먹을 힘을 주어 꽉 쥐는 모양	❶ : clench ❷ : grip		#행동 #모션
	꽝	총이나 대포를 쏘거나 폭발물이 터질 때 거세게 울리어 나는 소리	❶ : boom ❷ : kaboom		#부서짐 #큰소리
	꾸깃	구김살이 크고 매우 많이 잡혀 있다	glare		#표정 #화남 #종이 #천
	꾸벅	❶ : 자기도 모르는 사이에 순간적으로 깊이 잠들어 고개가 아래로 떨궈지는 모양	nod		#머리(head) #작은모션
	꾸벅	❷ : 머리나 몸을 빠르게 많이 숙였다가 드는 모양을 나타내는 말	❶ : nod ❷ : bow		#머리(head) #작은모션
	꾸욱	❶ : 단단히 힘을 주어 아주 세게 누르거나 죄는 모양	❶ : press ❷ : crush ❸ : push ❹ : smash ❺ : squeeze ❻ : squish ❼ : clench ❽ : grab		#행동 #모션
	꾸욱	❷ : 단단히 결심하거나 또는 몹시 고통스럽거나 억울하고 분한 일 등을 참느라고 힘주어 마주 물다	❶ : grit ❷ : clench ❸ : droop ❹ : slouch ❺ : slump ❻ : drop ❼ : sink		#작은모션 #조용함 #감정
	꿀꺽	목구멍으로 액체나 음식이 단번에 많이 넘어갈 때 나는 소리	gulp		#입 #소리 #식사
	꿈뻑	눈을 느리고 세게 감았다가 뜨는 모양	blink		#작은모션
	꿈틀	❶ : 몸을 이리저리 뒤틀거나 세게 구부리며 움직이는 모양을 나타내는 말	❶ : wriggle ❷ : wiggle		#행동 #모션
	꿈틀	❷ : 못마땅하여 성난 빛이 역력하다	❶ : twitch ❷ : seethe ❸ : peeved		#표정 #감정 #화남
	뀨	남에게 귀엽게 보이기 위하여 애교스럽게 내는 소리	gyu		#귀여움 #소리 #동물
	끄덕	고개나 손발 따위를 앞뒤로 또는 아래위로 움직이는 모양을 나타내는 말	❶ : nod ❷ : bow		#머리(head) #조용함 #모션
	끄적	글씨나 그림을 쓰거나 그리다	❶ : scribble ❷ : scrawl ❸ : scritch ❹ : scratch		#작은모션 #행동
	끄흡	곤란한 처지를 당하여 하소연하며 우는 소리	ngh		#소리 #감정
	끙	몹시 힘들거나 아파서 앓는 소리	❶ : groan ❷ : grumble ❸ : ugh/urgh ❹ : grunt ❺ : pang		#소리 #고통
	끼익	❶ : 차량 따위가 갑자기 멈출 때 브레이크가 마찰하면서 나는 소리를 나타내는 말 ❷ : 대문 따위가 문틀과 마찰하면서 슬며시 열릴 때 나는 소리를 나타내는 말	❶ : skid ❷ : creak ❸ : skrr		#소리 #큰소리 #제가 산 건 땅이지 남자가 아닌데요_KR_1
	끼익	❸ : 몹시 놀라거나 충격을 받아 갑자기 힘을 다하여 날카롭게 지르는 외마디소리	screech		#큰소리
	끽	❶ : 서로 닿아서 조금 세게 갈리는 소리	❶ : creak ❷ : skrr		#소리 #큰소리
	끽	❷ : 몹시 놀라거나 충격을 받아 갑자기 힘을 다하여 날카롭게 지르는 외마디소리	screech		#큰소리
	나른	맥이 풀려 기운이 없다	drowsy		#몸 #상태 #모션
	냠	주로 어린아이가 음식을 맛있게 먹는 소리를 나타내는 말	❶ : nom nom ❷ : chew ❸ : chomp ❹ : munch ❺ : nibble ❻ : yum ❼ : bite		#귀여움 #소리 #식사
	다그닥	단단한 바닥에 급히 부딪치는 소리가 잇따라 나다	❶ : clop clop ❷ : gallop gallop		#큰모션 #소리 #행동
	다다다	갑자기 빠른 동작으로 뛰거나 몸을 움직이는 모양을 나타내는 말	rush tap tap tap dash clack clack clack (in heels) stomp stomp stomp (angrily walking) sprint scramble swerve (scamper)		#큰모션 #소리 #행동
	다다다닥	빠른 걸음으로 뛰어서 가다	DASH		#큰모션 #소리 #행동
	달칵	작고 단단한 물건이 서로 조금 거세게 부딪치는 소리	CLICK CLACK		#소리
	더듬	무엇을 찾거나 알아보기 위해 손으로 이리저리 자꾸 만져 보다	FUMBLE		#행동 #모션
	더듬	말을 하거나 글을 읽을 때 자연스럽지 못하고 자꾸 막히는 모양을 나타내는 말	STAMMER STUTTER		#소리
	덜덜	추위나 무서움으로 몸을 크게 떠는 모양을 나타내는 말	TREMBLE SHAKE SHIVER (if cold) QUIVER		#몸 #상태 #모션
	덜커덕	단단한 물건이 서로 거세게 부딪치는 소리	RATTLE		#소리
	덜컹	단단한 물건이 서로 거세게 부딪쳐 울리는 소리를 나타내는 말	KATHUNK		#소리 #큰소리
	덥썩	왈칵 달려들어 닁큼 물거나 움켜잡는 모양	GRAB SNAG SNATCH YANK		#행동 #모션
	데굴	계속 조금 빠르게 구르다	ROLL		#행동 #모션
	도담	조금 단단한 물체를 잇따라 조금 힘있게 두드리는 소리	TAP		#행동 #모션 #소리
	두근	몹시 놀라고 불안하거나 기분이 좋아서 자꾸 크게 뛰다	BADUM THUMP (negative)		#감정 #느낌
	두둔	북이나 장구 따위를 가볍게 계속 쳐서 나는 소리	DA DUN DUN DUN		#소리 #큰소리
	두둥	북이나 장구 따위를 가볍게 계속 쳐서 나는 소리	DA DUN DUN DUN		#소리 #큰소리
	두리번	눈을 크게 뜨고 주위를 보기 위해 이리저리 자꾸 크게 돌리다	LOOK GLANCE  SEARCH (RUMMAGE) GLANCE TURN (if 두리번 is used twice)		#조용함 #모션
	뒤적	무엇을 찾으려고 이리저리 헤치거나 곳곳을 살피다	RUMMAGE FUMBLE		#조용함 #모션
	드득	서로 닿아서 조금 세게 갈리는 소리	CREAK SKRR		#소리 #큰소리
	드르렁	크고 요란하게 코를 고는 소리를 나타내는 말	SNORE		#호흡 #모습
	드르르르륵	큰 물건이 미끄러질 때 나는 소리	SLIIIDE SLIDE RATTLE		#소리
	들썩	1.묵직한 물건이 들렸다가 내려앉는 모양 2.어깨나 궁둥이 따위를 위아래로 움직이는 모양	LIFT RAISE		#모션
	딩동댕	실로폰이나 차임벨이 울리는 소리를 나타내는 말	DING DONG DING DING		#소리
	따가닥	단단한 바닥에 급히 부딪치는 소리가 잇따라 나다	CLIP CLOP CLOP CLOP GALLOP		#큰모션 #소리 #행동
	따르릉	전화벨이나 자전거 벨, 자명종 따위가 급히 울리는 소리	RING (RRRING) BRRR		#소리
	딱	정확히 맞닿거나 들어맞는 모양	STARE (GLANCE)		#작은모션 #눈
	딸깍	작고 단단한 물건을 누를 때 나는 소리	CLICK CLACK		#소리
	딸랑	작은 방울이나 매달린 물체 따위가 세게 흔들릴 때 나는 소리	DING		#소리 #큰소리
	떽	갑자기 화를 내면서 소리를 몹시 지르거나 매우 억지스럽게 기를 쓰는 모양을 나타내는 말	YELL BARK SHOUT BLURT BLARE		#소리 #화남 #급작
	또각	구둣발이 단단한 바닥에 잇따라 급히 부딪치는 소리	CLICK CLICK CLICK CLACK		#모션 #소리
	똑똑	실내에 들어가기 전에 가볍게 문을 두드리다	KNOCK KNOCK		#작은소리 #소리
	똑똑	빗물, 눈석임물, 고드름 따위가 녹아 처마끝에서 떨어지는 물	DRIP DRIP  (DRIP DROP)		#액체 #소리
	뚜둑	크고 단단한 물건이 부러지거나 끊어지는 소리	SNAP		#부서짐 #큰소리
	뚜르르	전화벨이나 자전거 벨, 자명종 따위가 급히 울리는 소리	RING (RRRING) BRRR		#소리
	뚜벅	조금 무겁고 뚜렷한 발자국 소리를 내며 일정한 속도로 걷는 소리를 나타내는 말	STOMP CLOMP 		#모션 #소리
	뚝	작은 물체가 가볍게 떨어지는 소리	DRIP DROP		#액체 #소리
	뚝	크고 단단한 물건이 부러지거나 끊어지는 소리	SNAP		#부서짐 #소리
	띠리링	전화벨이나 자전거 벨, 자명종 따위가 급히 울리는 소리	RING (RRRING) BRRR		#소리
	띠링	전자 기기 따위에서 어떤 상황을 알려 주는 소리	DING		#소리
	띠용	놀라거나 어리둥절할 때 쓰는 말	DING		#감정 #느낌
	띡	전자 기기 따위에서 입력 신호에 따라 짧게 나는 소리	BEEP		#소리
	만지작	가볍게 주무르듯이 자꾸 만지다	CARESS TOUCH		#스킨쉽 #모션
	머쓱	몹시 부끄러워 얼굴이 빨개지다	BLUSH FLUSH (angry)		#표정 #감정 #얼굴
	머쓱	흥이 꺾이거나 무안을 당해 쑥스럽고 어색하다	FLATTERED SHY		#표정 #감정
	멈칫	하던 일이나 동작을 갑자기 멈추는 모양을 나타내는 말	FREEZE HESITATE PAUSE WAVER PAUSE STOP HALT		#작은모션 #행동
	멍	정신이 혼미해져 멍한 상태가 되다	BLANK STARE		#표정 #감정 #얼굴
	멍멍	개가 짖는 소리	WOOF RUFF BARK ARF YAP (SMALL DOGS) YIP (SMALL DOGS)		#동물 #소리
	메롱	주로 어린아이들이 혀를 쏙 내밀며 상대방을 놀릴 때 하는 말	NYAAA		#작은모션
	모락모락	연기나 냄새 따위가 조금씩 위로 올라가는 모양	SWIRL WAFT (STEAMY)		#느낌 #상태
	무감흥	어떤 일에 대하여 관심이 없음	UNIMPRESSED UNBOTHERED		#감정
	바글 바글	많이 모여 어수선하게 자꾸 움직이다	CROWDED		#군중 #모습
	바들 바들	몸이나 팔다리를 작게 조금씩 자꾸 떠는 모양	TREMBLE SHAKE SHIVER (if cold) QUIVER		#몸 #상태 #모션
	박박	세게 긁거나 문대는 소리를 자꾸 내다	SCRATCH RUFFLE  SCRUFF		#작은모션 #행동 #소리
	반짝반짝	사람 또는 물건이 화려하고 예쁘장한 모양	SPARKLE FLASH GLIMMER DAZZLE (BLING)		#느낌
	발그레	몹시 부끄러워 얼굴이 빨개지다	BLUSH FLUSH (angry)		#표정 #감정 #얼굴
	발라당	팔이나 다리를 벌리고 가볍게 뒤로 눕거나 자빠지는 모양을 나타내는 말	FLOP		#행동 #모션
	버둥	1. 매달리거나 눕거나 주저앉아서 팔다리를 내저으며 몸을 자꾸 움직이다 2. 매우 힘들고 곤란한 처지에서 벗어나려고 억척스럽게 애를 쓰다 3. 내저으며 자꾸 움직이다	WRIGGLE WIGGLE FLAIL STRUGGLE		#고통 #모션 #행동
	버럭	1.갑자기 화를 내면서 소리를 몹시 지르거나 매우 억지스럽게 기를 쓰는 모양을 나타내는 말 2.목청을 높여서 크게 내다	SHOUT YELL HOLLER (BARK) (ROAR) YELL BARK SHOUT BLURT BLARE ARGH GRAA		#큰소리 #화남 #급작
	벅벅	세게 긁거나 문대는 소리를 자꾸 내다	SCRATCH RUFFLE  SCRUFF		#작은모션 #행동 #소리
	번뜩	1. 생각 따위가 갑자기 떠오르는 모양 2. 자꾸 눈을 부릅떠서 번뜩이다.	OPEN FLASH		#작은모션 #눈
	번뜩	물체 따위에 반사된 큰 빛이 순간적으로 세게 잠깐 나타나는 모양을 나타내는 말	FLASH		#느낌
	번쩍	크고 환한 빛이 잠깐 조금 세게 빛나는 모양	DAZZLE GLIMMER SPARKLE TWINKLE		#느낌
	벌떡	눕거나 앉아 있다가 갑자기 큰 동작으로 급하게 일어나는 모양	JUMP SPRING LEAP (POUNCE) RISE JOLT SPRING ALERT STAND		#모션 #빠름 #행동 #몸
	벌컥	급하고 거칠게 들이켜는 소리를 자꾸 내다	GULP SIP (CHUG)		#행동 #급작
	벌컥	닫혀 있던 것을 갑자기 거세게 여는 모양을 나타내는 말	BURST FLING THUNK		#소리
	부글	화가 부글부글 끓다	BOIL		#감정 #화남
	부글부글	1.많은 양의 액체가 계속 야단스럽게 끓어오르는 소리 2.거품이 계속 크고 빠르게 일어나는 소리	BUBBLE		#액체 #소리
	부들	두려움으로 인하여 몸이 벌벌 떨림	TREMBLE SHAKE SHIVER (if cold) QUIVER		#몸 #상태 #모션
	부릅	보기 무섭고 사나울 정도로 눈을 크게 뜨다	GLARE		#표정 #화남 #얼굴
	부비적	서로 맞대어 자꾸 문지르다	RUB SCRUB WIPE		#스킨쉽 #모습
	부스스	몸의 털 따위가 몹시 어지럽게 일어나거나 흐트러진 모양	RUSTLE		#느낌
	부우웅	자동차나 기계 따위가 발동할 때 요란스럽게 나는 소리	VROOM		#소리 #큰소리
	부웅	자동차나 기계 따위가 발동할 때 요란스럽게 나는 소리	VROOM		#소리 #큰소리
	부웅	허공에 들리거나 뜨는 모양	HOVER/FLOAT		#모션
	불끈	주먹을 힘을 주어 꽉 쥐는 모양	CLENCH GRIP		#작은모션
	불쑥불쑥	갑자기 여기저기 자꾸 불룩하게 쑥 나오거나 내미는 모양을 나타내는 말	APPEAR APPROACH STEP WHOOSH (SLIP)		#등장 #모션 #급작 #큰모션
	비실비실	힘이 없어서 자꾸 흐느적거리다	TREMBLE FALTER STAGGER (WEAK)		#몸 #상태 #모션
	비틀	힘이 없거나 어지러워 몸을 바로 가누지 못하고 이리저리 쓰러질 듯이 계속 걷다	STUMBLE WOBBLE		#행동 #모션
	빔	레이저 장치로 방출되는 빛	PEW ZZZZZZTTT		#느낌
	빙글	잇따라 매끄럽게 도는 모양	SPIN SWING		#행동 #모션
	빠드득	단단하고 질기거나 매끄러운 물건을 세게 문지르거나 마주 갈 때 나는 소리	GRIND		#부서짐 #큰소리
	빠득	단단하고 질기거나 매끄러운 물건을 세게 문지르거나 마주 갈 때 나는 소리	GRIND		#부서짐 #큰소리
	빠밤	관악기나 경적 따위가 크게 울리는 소리	DADADA BEEBEEP		#소리 #큰소리
	빠직	질기고 빳빳한 물건이 갑자기 세게 째어지거나 갈라질 때 나는 소리	CRACK SNAP		#부서짐 #큰소리
	빡	크고 단단한 물건이 갑자기 부러지거나 깨지거나 부서지는 소리	SMACK WHAM		#타격 #소리
	빤	1.시선을 한곳으로 모아 집중해서 뚫어지게 바라보다 2.깊이 살피다	GAZE STARE		#작은모션
	빤짝	사람 또는 물건이 화려하고 예쁘장한 모양	SPARKLE FLASH GLIMMER DAZZLE (BLING)		#느낌
	빼꼼	살며시 문 따위를 아주 조금 열어 들여다보는 모양	PEEK PEEP		#작은모션 #조용함
	뻑	단단한 물건으로 다른 사람이나 사물을 칠 때 나는 탁한 소리	THWACK POW  THUD SMACK		#타격 #소리
	뻥긋	문이나 입을 소리 없이 조금 크고 세게 열거나 벌리는 모양을 나타내는 말	MOUTHING		#얼굴 #입
	뽀드득	쌓인 눈을 세게 밟을 때 나는 소리	CRUNCH SLOSH		#모션 #소리
	뾰로통	못마땅하여 성난 빛이 역력하다	TWITCH SEETHE PEEVED		#표정 #감정 #화남
	뾰루퉁	부풀거나 부어올라서 뿔룩하다	POUT FROWN		#얼굴 #입 #표정
	뿌드득	질기고 빳빳한 물건이 갑자기 세게 째어지거나 갈라질 때 나는 소리	CRACK SNAP		#부서짐 #큰소리
	뿌득	세게 문지르거나 마주 갈 때 나는 소리를 나타내는 말	SQUEEZE CLENCH (GRAB)		#타격 #소리
	뿌득	질기고 빳빳한 물건이 갑자기 세게 째어지거나 갈라질 때 나는 소리	CRACK SNAP		#부서짐 #큰소리
	삐걱	편안하지 못하고 행동이 어색하다	AWKWARD NERVOUS		#모션
	삐비빅	전자 기기 따위에서 입력 신호에 따라 짧게 나는 소리	DADADA BEEBEEP		#소리 #큰소리
	삐용	신호나 경보 따위를 알리기 위해 소리를 내다	WEE-WOO		#소리 #큰소리
	삐이	귀에 잡음이 들리는 현상	WEEE WHEEE BEEEE (RING)		#소리
	삐질	매우 난처하거나 어려운 상황에 땀을 흘리는 모양	SULK		#감정 #느낌
	삐짐	노여움에 마음이 토라지다	TWITCH SEETHE PEEVED		#표정 #감정 #화남
	삑	전자 기기 따위에서 입력 신호에 따라 짧게 나는 소리	BEEP		#소리
	사각	글씨나 그림을 쓰거나 그리다	SCRIBBLE SCRAWL SCRITCH SCRATCH		#소리
	사락	1.가볍게 내리는 소리가 잇따라 나다 2.가볍게 쓸리게 하거나 맞닿게 하는 소리를 자꾸 내다	SWISH FWIP		#머리(head)
	사르륵	얼음이나 눈 따위가 저절로 녹는 모양	MELT		#느낌 #상태
	사아아	푸른 기가 돌 만큼 핏기가 없다	PALE GLOOM GAUNT		#감정
	살금	눈치를 보아 가며 남들이 모르게 슬그머니 어떤 행동을 자꾸 하는 모양을 나타내는 말	CRAWL (ON THE GROUND) CREEP SNEAK TIPTOE		#작은모션 #행동
	새근	사람이나 동물이 깊이 잠든 상태에서 코를 골듯이 크게 숨쉬는 소리	SNOOZE BREATHE ZZZZ		#호흡 #모습
	색색	사람이나 동물이 깊이 잠든 상태에서 코를 골듯이 크게 숨쉬는 소리	SNOOZE BREATHE ZZZZ		#호흡 #모습
	샤라라	사람 또는 물건이 화려하고 예쁘장한 모양	TWINKLE TA-DA DAZZLE		#느낌
	샤라랑	사람 또는 물건이 화려하고 예쁘장한 모양	SPARKLE FLASH GLIMMER DAZZLE (BLING)		#느낌
	샤방	사람 또는 물건이 화려하고 예쁘장한 모양	SPARKLE FLASH GLIMMER DAZZLE (BLING)		#느낌
	샤샥	1. 몸을 재빠르게 움직이거나 숨기는 소리 2. 자꾸 밀거나 쓸거나 문지르는 소리	RUSTLE		#작은모션 #소리
	샤아아	큰바람이 갑자기 세게 부는 모양을 나타내는 말	WHOOSH WHOOOOSH		#소리
	샥	가볍게 쓸리게 하거나 맞닿게 하는 소리	SWISH FWIP		#작은모션 #소리
	샥 샥	애처롭게 사정하며 간절히 바라다 (=싹싹)	BEG PLEAD RUB RUB		#행동 #모션
	성큼	발이나 다리를 가볍게 높이 들고 크게 떼어 놓는 모양	STRIDE STEP		#모션 #소리
	소근(소근)	남이 알아듣지 못하도록 작은 목소리로 자꾸 조용히 이야기하는 소리를 나타내는 말	WHISPER (MUMBLE) (MUTTER)		#소리
	소오름	춥거나 무섭거나 징그러울 때, 살갗이 오그라들며 겉에 좁쌀 같은 것이 도톨도톨하게 돋는 것, *Origin : 소름	SHIVER  GOOSEBUMPS CHILLS		#감정
	속닥(속닥)	남이 알아듣지 못하도록 작은 목소리로 은밀하게 자꾸 이야기하는 소리를 나타내는 말	WHISPER (MUMBLE) (MUTTER)		#소리
	수군 수군	남이 알아듣지 못하도록 낮은 목소리로 자꾸 조용히 이야기하는 소리를 나타내는 말	WHISPER		#소리
	술렁	자꾸 어수선하게 소란이 이는 모양	CHATTER MURMUR		#군중 #소리
	쉭	공기나 입김 따위가 좁은 구멍으로 새어 나오는 소리	HISS		#동물 #소리
	쉿	공기나 입김 따위가 좁은 구멍으로 새어 나오는 소리	FIZZLE (CRACKLE) (HSSS)		#입 #소리
	슈욱	짧게 나는(도착점이 있는) 소리	SWOOSH SWOOP SWISH		#소리 #비행
	슈웅	멀리 날아가는 소리	SWOOSH SWOOP SWISH		#소리 #비행
	슉	빠르고 조금 크게 한 번 돌거나 휘는 모양	FWIP SHWP VANISH FLASH		#행동 #모션
	스륵	서 있다가 중심을 잃고 바닥에 쓰러지다	SLUMP	try to avoid using "slide"	#작은모션 #몸
	스릉	물건이 쓸리면서 시원스럽게 울리는 소리	DRAW SLIDE SCHWING (VWOOM - MAGIC SWORD) SHING		#소리
	스릉	물건이 쓸리면서 시원스럽게 울리는 소리	SHEATHE/SCHWING CLACK (METAL SHEATH)		#소리
	스멀	연기나 냄새 따위가 조금씩 위로 올라가는 모양	WAFT		#느낌 #상태
	스윽	척 내닫아 나서거나 빨리 지나가는 모양	APPEAR APPROACH STEP WHOOSH (SLIP)		#조용함 #모션
	스윽	(사람이 어떤 곳을 어떤 색이나 칠감으로)고루 묻히거나 발라 꾸미다	SWIPE SWISH BRUSH		#조용함 #모션
	스윽	거죽에 묻은 먼지나 때 따위를 없애거나 윤기를 내려고 문지르거나 씻거나 하다	WIPE		#작은모션
	스윽	넌지시 말을 건네거나 행동하는 모양	REACH LEAN APPEAR WIPE	do not use "slide"	#조용함 #모션
	스윽	서 있다가 중심을 잃고 바닥에 쓰러지다	SLUMP	try to avoid using "slide"	#작은모션 #몸
	스윽	물건이 쓸리면서 시원스럽게 울리는 소리	SHEATHE/SCHWING CLACK (METAL SHEATH)		#소리
	스윽 	칼이나 톱으로 잘라 내거나 토막을 내다	SLASH SLICE SWOOSH SWISH		#타격
	스응	물건이 쓸리면서 시원스럽게 울리는 소리	SHEATHE/SCHWING CLACK (METAL SHEATH)		#소리
	슥	(조용히) 지켜보다	GLANCE TURN (PEEK) (GLIMPSE)		#조용함 #모션
	슥	기울이다	LEAN TILT		#조용함 #모션
	슥	물건을 아래로 옮겨 두는 소리	DROP PLACE KTUNK THUD (If heavy)		#행동 #모션
	슥	몸집이 큰 사람이 갑자기 힘없이 주저앉거나 쓰러지는 소리	FLOP SIT SLIDE THUD		#조용함 #모션 #몸
	슥	눕거나 앉아 있다가 갑자기 큰 동작으로 급하게 일어나는 모양	RISE JOLT SPRING		#모션 #빠름 #몸
	슥	손으로 자꾸 살살 쓸어 어루만지다	RUB RUFFLE GRIND (with knuckles)		#스킨쉽 #모션
	슥	무엇이 갑자기 지나가거나 떠오르는 모양	AVERT AVOID TURN (DISMISSED)		#작은모션
	슥	넌지시 말을 건네거나 행동하는 모양	REACH LEAN APPEAR WIPE	do not use "slide"	#조용함 #모션
	슬금	눈치를 보아 가며 남들이 모르게 슬그머니 어떤 행동을 자꾸 하는 모양을 나타내는 말	CRAWL (ON THE GROUND) CREEP SNEAK TIPTOE		#작은모션 #행동
	시끌	크게 떠드는 소리로 매우 시끄럽다	CHATTER		#군중 #소리 #큰소리
	시큰	뼈마디 따위가 심하게 자꾸 시리고 쑤시는 느낌을 나타내는 말	CRACK CRICK (CRACKING) PANG (SUDDEN PAIN) SORE STIFF		#고통 #느낌 #상태
	싱긋	눈과 입을 조금 움직이며 소리 없이 부드럽고 가볍게 웃는 모양	BEAM GRIN SMILE SMIRK (PLEASED) (ALL SMILES)		#웃음 #밝음
	싸늘	부드럽지 않고 아주 차가운 느낌이 있다	AWKWARD AWKWARD SILENCE		#감정 #느낌
	싸아	마음에 활기가 없음	GLOOM		#감정
	싸아아	태도 따위를 갑자기 완전히 바꾸는 모양을 나타내는 말.	BREATHE INHALE GASP HUFF PHEW (relief)  WHEW SIGH		#모습 #감정 #냉소
	쌔근쌔근	사람이나 동물이 깊이 잠든 상태에서 코를 골듯이 크게 숨쉬는 소리	SNOOZE BREATHE ZZZZ		#호흡 #모습
	쌔액	숨을 매우 가쁘고 고르지 않게 쉬는 소리	WHEEZE		#호흡 #모습
	쌕쌕	사람이나 동물이 깊이 잠든 상태에서 코를 골듯이 크게 숨쉬는 소리	SNOOZE BREATHE ZZZZ		#호흡 #모습
	쏴아	비바람이 세차게 칠 때 나는 소리를 나타내는 말	SHWAAAA WHOOSH		#액체 #소리
	쓰담	손으로 자꾸 살살 쓸어 어루만지다	PAT STROKE PET WHACK (if hard) RUB RUFFLE GRIND (with knuckles)		#스킨쉽 #모션
	씨익	소리 없이 크게 한번 싱겁게 웃는 모양	BEAM GRIN SMILE SMIRK (PLEASED) (ALL SMILES)		#웃음 #밝음
	씨익씨익	숨을 매우 가쁘고 거칠게 쉬는 소리	NEIGH, WHINNY SNORT) (HUFF)		#호흡 #소리
	씩 씩	숨을 매우 가쁘고 거칠게 쉬는 소리를 나타내는 말	BREATHE INHALE GASP HUFF PHEW (relief)  WHEW SIGH		#모습 #감정 #화남
	아우우	늑대가 울거나 짖는 소리	AWHHOOO  HOWL OOWWWOOO		#동물 #소리
	아웅다웅	작고 하찮은 일로 서로 시비하여 다투는 모양을 나타내는 말	BICKER SQUABBLE QUARREL		#모션
	안절부절	마음이 불안하고 초조하여 어찌할 바를 모르는 모양	NERVOUS		#작은모션
	애앵	모기나 벌 따위의 곤충이 계속 빨리 날 때 나는 소리	WHHING		#벌레 #소리 #비행
	야옹	고양이가 우는 소리를 나타내는 말	MEOW MEW		#동물 #소리
	어질	갑자기 정신이 아득하고 어지럽다	WOBBLE STAGGER TILT		#상태 #머리(head)
	얼얼	상처가 나거나 하여 몹시 아리다	GRUNT GROAN PANG		#느낌 #상태
	에취	코의 점막 신경이 자극을 받아 간지럼을 느끼다가 갑자기 입으로 숨을 터뜨려 내뿜으며 큰 소리를 냄	ACHOO		#입 #소리
	오싹	몹시 무섭거나 추워서 갑자기 움츠러들거나 소름이 끼치다	SHIVER  GOOSEBUMPS CHILLS		#감정 #느낌
	옥신각신	옳으니 그르니 하며 서로 다투는 모양	BICKER SQUABBLE QUARREL		#큰모션
	와아 	여럿이 함께 지르는 고함소리	CHEER, ROAR(war cry) WOW		#큰소리
	왔다갔다	자꾸 오고가고 하다	PACE BACK FORTH		#행동
	우다다다	발을 몹시 재게 움직이며 여기저기 마구 다니다	RAMBLE		#큰모션 #소리 #행동
	우당탕	잘 울리는 바닥에 무엇이 떨어지거나 부딪쳐 몹시 요란하게 나는 소리를 나타내는 말	FUMBLE FRANTIC (CLATTER)		#소리 #큰소리
	우뚝	조금 큰 것이 높이 두드러지게 솟아 있는 모양을 나타내는 말	FIRM HALT STAND		#모습
	우르르	쌓여 있던 물건이 갑자기 무너지거나 쏟아질 때 나는 소리를 나타내는 말	CRASH CLATTER SCUFFLE TUMBLE (WRESTLE) (GRAPPLE)		#소리 #큰소리
	우르르	사람이나 동물이 한꺼번에 바쁘게 몰려오거나 움직이는 모양을 나타내는 말	SWARM CROWD GATHER BUSTLE RUSH STAMPEDE HUSTLE		#군중 #모습 #거대
	우르릉	천둥 따위가 무겁고 둔하게 울리는 소리	CRACK RUMBLE (KRA-KOOM)		#큰소리
	우웅	귓속이나 귓가에 무엇이 울리는 소리를 나타내는 말	VWOOM		#소리
	우지직	1.크고 단단한 물건이 갑자기 부러지거나 찢어지거나 부서지는 소리 2.잘 마르지 않은 짚이나 나뭇가지 따위가 불에 타는 소리	CRACKLE		#부서짐 #큰소리
	욱	격한 마음이 불끈 생기는 모양을 나타내는 말	GROAN GRUMBLE (UGH/URGH)		#소리 #고통
	울먹	울상이 되어 자꾸 울음이 터져 나올 듯하다	TEARY (POUT)		#슬픔 #표정
	움찔	깜짝 놀라서 갑자기 몸을 세게 움츠리는 모양을 나타내는 말	FLINCH TWITCH		#작은모션
	웅	귓속이나 귓가에 무엇이 울리는 소리를 나타내는 말	VWOOM		#소리
	위잉	귀에 잡음이 들리는 현상	WEEE WHEEE BEEEE (RING)		#소리
	윙	거센 바람이 굵은 전선 따위에 부딪칠 때 나는 소리	FWOOSH WHOOSH WHIR / WHIRRR CRACKLE (ELECTRIC) ZAP (ELECTRIC) FIZZLE (ELECTRIC) BZZZT (ELECTRIC)		#소리
	윙윙	모기나 벌 따위의 곤충이 계속 빨리 날 때 나는 소리	BUZZ		#벌레 #소리 #비행
	으르렁	사나운 짐승이 성내어 크게 울부짖는 소리	RUMBLE GRRRR GROWL ROAR / ROOOAR GRAAAH		#동물 #큰소리 #화남
	으슬으슬	추위나 무서움으로 몸을 크게 떠는 모양을 나타내는 말	TREMBLE SHAKE SHIVER (if cold) QUIVER		#몸 #상태 #모션
	으쌰	어떤 일을 추진하고자 할 때 기운을 돋우기 위하여 내지르는 소리	STRETCH		#큰소리
	으쓱(으쓱)	어깨를 들먹이며 우쭐하다	SHRUG (PROUD)		#모션
	이랴	소나 말을 몰거나 끌어당길 때 내는 말	GIDDY-UP,  HI-YA, HYAA		#소리
	잔소리	듣기 싫게 필요 이상으로 참견하거나 꾸중하며 말함	NAG  SCOLD		#소리 #감정 #화남
	잘근	무엇을 동이거나 단단히 졸라매는 모양을 나타내는 말	NIBBLE GNAW		#얼굴 #입 #행동
	저벅(저벅)	발을 묵직하고 크게 내디디며 자꾸 걷는 소리를 나타내는 말	STEP TRUDGE (STRIDE) (TRAMP)		#모션 #소리
	절뚝	한쪽 다리가 짧거나 다쳐서 걸을 때 뒤뚱거리며 다리를 자꾸 절다	LIMP  STAGGER STUMBLE		#모션
	절레 절레	머리를 좌우로 조금 크게 자꾸 흔드는 모양을 나타내는 말	SHAKE		#머리(head) #모션
	절벅절벅	옅은 물이나 진창을 자꾸 밟거나 칠 때 나는 소리	SPLASH (SLOSH)		#액체 #소리 #모션
	주르륵	굵은 물줄기 따위가 빠르게 흐르다가 멎는 소리를 나타내는 말	DROOL (DRIBBLE) DRIP PANIC SWEAT		#액체 #소리
	주륵	빗물 따위의 굵은 물줄기가 죽죽 내리거나 떨어지는 소리	DRIP PANIC SWEAT		#액체 #소리
	주춤	몸을 움츠리고 머뭇거리며 망설이는 모양을 나타내는 말	FREEZE HALT HESITATE PAUSE WAVER STUMBLE FALTER STEP STAGGER SCOOT		#작은모션 #행동
	중얼(중얼)	남이 잘 알아들을 수 없는 조금 작은 목소리로 자꾸 혼잣말을 하는 소리	MUMBLE MUTTER		#작은소리 #소리
	즉답	그 자리에서 바로 대답함	DIRECT QUICK		#소리
	지그시	어떤 대상에 슬며시 드러나지 않게 가벼이 힘을 주는 모양	STARE (GLANCE)		#작은모션
	지글지글	걸쭉하게 졸아들면서 자꾸 끓는 소리	SIZZLE CRACKLE		#소리
	지잉	물체 따위가 흔들려서 움직임	BZZT	do not use zing	#모션
	지이이잉	레이저 장치로 방출되는 빛	PEW ZZZZZZTTT		#느낌
	질끈	사이를 바싹 눌러 붙이는 모양을 나타내는 말.	CRINGE WINCE		#작은모션
	짹짹	새나 비둘기가 우는 소리	CHIRP CHIRP COO COO CAW (CROWS, SEAGULLS) CHIRP SQUAWK TWEET	TWEET	#동물 #소리
	쩌억	입이나 팔, 다리 따위를 크고 세게 벌리는 모양을 나타내는 말	DROP GAPE (GURGLE) (if mouth is open with bubbles or liquid)		#얼굴 #입
	쪼옥	입술이나 볼 등에 자신의 입술을 가볍게 맞추는 행위	KISS PECK SMOOCH (CHU)		#소리 #스킨쉽
	쪽	입술이나 볼 등에 자신의 입술을 가볍게 맞추는 행위	KISS PECK SMOOCH (CHU)		#소리 #스킨쉽
	쭈우욱	크고 세게 펴거나 벌리거나 뻗는 모양	STRETCH		#행동 #모션
	쭈욱	잡아끌어 가까이 오게 하다	PLUCK		#행동 #모션
	쭉	크고 세게 펴거나 벌리거나 뻗는 모양			#행동 #모션
	쯧쯧	가엾거나 못마땅하여 자꾸 가볍게 혀를 차는 소리를 나타내는 말	HMPH TSK (TSK TSK - if judging)		#소리
	찌릿	피가 잘 돌지 못하거나 전기가 통해 갑자기 아주 세게 저린 느낌이 있다	ZAP FIZZLE PZZZT BZZZT FZZZT SPARK		#느낌
	찌릿	못마땅한 표정을 지으며 곁눈으로 노려보다	GLARE		#표정 #화남 #얼굴
	찍	쥐나 새가 우는 소리	SQUEAK, SKREEK		#동물 #소리
	찝찝	마음이 편하지 못하고 개운하지 않다	AWKWARD		#감정 #느낌
	찰싹	사람 사이의 관계가 뗄 수 없을 만큼 친밀하게 다니는 모양을 나타내는 말	EMBRACE GRAB HUG SQUEEZE		#스킨쉽
	찰싹	물체가 끈기 있고 거세게 부딪치거나 달라붙을 때 나는 소리	EMBRACE GRAB SQUEEZE		#타격 #소리
	찰칵	작은 자물쇠 따위가 아주 거세게 열리거나 잠기는 소리	SPARK (CLICK)		#소리
	챙	얇은 쇠붙이나 유리가 세게 떨어지거나 부딪쳐 울리는 날카로운 소리	CLASH/CLANG CLANK CLINK SWASH CLANG KRAACK CLASH CLUNK (WOODEN SWORDS) SKREEK (끼기기긱)		#타격 #소리
	처억	무기 휘두르는 모습을 나타내는 소리	BRANDISH RAISE		#모션 #빠름 #행동 #몸
	척	발을 묵직하고 크게 내디디며 자꾸 걷는 소리를 나타내는 말	STEP TRUDGE (STRIDE) (TRAMP)		#모션 #소리
	철벅	옅은 물이나 진창을 자꾸 밟거나 칠 때 나는 소리	SPLASH		#액체 #소리 #모션
	철커덕	큰 자물쇠 따위가 아주 거세게 자꾸 열리거나 잠기는 소리	CLANK CLINK TAP		#소리
	쳇	못마땅하거나 아니꼬워 빈정거릴 때 내는 말	HMPH TSK (TSK TSK - if judging)		#소리
	총총	발걸음을 아주 재게 떼며 서둘러서 급히 걷는 모양을 나타내는 말	STEP STEP STEP		#모션 #소리
	촤앗	1.매우 넓게 퍼지거나 흩어지는 모양 2.물 따위의 액체가 한꺼번에 뿌려지거나 쏟아지는 모양	SLAP SMACK SWAT SWACK		#타격 #소리 #액체
	추욱	물체가 아래로 크게 처지거나 늘어지는 모양	GLUM		#감정 #느낌
	츄	입술이나 볼 등에 입술을 가볍게 맞추는 행위	KISS PECK SMOOCH (CHU)		#소리 #스킨쉽
	치익	액체나 어떤 물체 따위가 아주 센 불에 타들어 가는 소리	FLICK CHK		#소리
	치지지직	액체나 어떤 물체 따위가 아주 센 불에 타들어 가는 소리	CRACKLE FIZZLE (SIZZLE)		#액체 #소리
	카강	얇은 쇠붙이나 유리가 세게 떨어지거나 부딪쳐 울리는 날카로운 소리	CLASH/CLANG CLANK CLINK SWASH CLANG KRAACK CLASH CLUNK (WOODEN SWORDS) SKREEK (끼기기긱)		#타격 #소리
	캬악	몹시 놀라거나 충격을 받아 갑자기 힘을 다하여 날카롭게 지르는 외마디소리	SHRIEK		#동물 #큰소리
	컹컹	개가 짖는 소리	ARF BARK GROWL GRRR WOOF		#동물 #소리
	코오오	사람이나 동물이 깊이 잠든 상태에서 코를 골듯이 크게 숨쉬는 소리	SNOOZE BREATHE ZZZZ		#호흡 #모습
	콰과쾅	크고 무거운 것이 무너지거나 흔들리면서 요란스럽게 울리어 나는 소리	CRACKLE RUMBLE (KRA— KOOM)		#부서짐 #큰소리
	콰앙	무겁고 단단한 물체가 잇따라 바닥에 떨어지거나 다른 물체와 맞부딪쳐 거세게 울릴 때 나는 소리	BOOM KABOOM CRASH CRACK BANG BLAST		#부서짐 #큰소리
	콰직	크고 단단한 물건이 갑자기 부러지거나 깨지거나 부서지는 소리	SMACK WHAM		#부서짐 #소리
	콱	윗니와 아랫니 사이에 끼운 상태로 상처가 날만큼 세게 누르다	BITE CHOMP (SNARE) (SNATCH)		#얼굴 #입 #행동
	콸콸	물 따위의 액체가 가는 줄기로 몰려서 조금씩 흐르는 소리	POUR (GLUG)		#액체 #소리
	쾅	총이나 대포를 쏘거나 폭발물이 터질 때 거세게 울리어 나는 소리	BANG		#부서짐 #큰소리
	쿠당탕	무거운 물체가 단단한 곳에 부딪치거나 넘어질 때 나는 소리를 나타내는 말	CRASH CLATTER SCUFFLE TUMBLE (WRESTLE) (GRAPPLE)		#소리 #큰소리
	쿠룩	목이나 기관지의 점막이 자극을 받아 갑작스럽게 거친 숨이 목구멍에서 터져 나옴	KEGH, KLEGH, KHOFF		#호흡 #소리 #고통
	쿠르릉	사나운 짐승이 성내어 크게 울부짖는 소리	SNARL/GROWL		#동물 #큰소리 #화남
	쿠우우	사람이나 동물이 깊이 잠든 상태에서 코를 골듯이 크게 숨쉬는 소리	SNOOZE BREATHE ZZZZ		#호흡 #모습
	쿠울	사람이나 동물이 깊이 잠든 상태에서 코를 골듯이 크게 숨쉬는 소리	SNOOZE BREATHE ZZZZ		#호흡 #모습
	쿡	작은 물건으로 힘있고 깊게 찌르거나 쑤시거나 파는 모양을 나타내는 말	PIERCE POKE STAB		#타격 #소리
	쿨쿨	사람이나 동물이 깊이 잠든 상태에서 코를 골듯이 크게 숨쉬는 소리	SNOOZE BREATHE ZZZZ		#호흡 #모습
	쿵	희망이 없어져 체념하고 포기함	DESPAIR (SINK)		#감정 #느낌
	쿵	무거운 물건이 단단한 바닥에 떨어지거나 부딪칠 때 둔하게 울리는 소리	THUMP		#감정 #느낌
	크르르	사나운 짐승이 성내어 크게 울부짖는 소리	GRRR GROWL ROAR		#동물 #소리 #화남
	킁	콧구멍으로 숨을 띄엄띄엄 세차게 내쉬거나 들이마시는 소리	SNIFF SNOOZE ZZZZ (SNORE)		#호흡 #모습
	키엑	몹시 놀라거나 충격을 받아 갑자기 힘을 다하여 날카롭게 지르는 외마디소리	SHRIEK		#동물 #큰소리
	타닥	컴퓨터 따위의 자판을 두드리는 소리	TYPE TAP		#소리
	타닥	단단한 바닥에 급히 부딪치는 소리가 잇따라 나다	GALLOP GALLOP		#큰모션 #소리 #행동
	타앙	탄탄하고 탄력이 있는 물건이 거세게 부딪치거나 떨어질 때 울리어 나는 소리	SWISH		#소리
	탁	단단한 것에 세게 부딪치는 소리	SLAP SMACK SWAT SWACK		#타격 #소리
	탁	컴퓨터 따위의 자판을 두드리는 소리	TYPE TAP		#소리
	탁	작고 단단한 물건이 서로 조금 거세게 부딪치는 소리	CLICK CLACK		#소리
	탕	작은 쇠붙이나 단단한 물건이 잇따라 거세게 부딪쳐 울릴 때 나는 소리	SLAM		#소리
	탕	총 따위를 잇따라 쏠 때 나는 소리	BANG		#소리 #큰소리
	털썩	몸집이 큰 사람이 갑자기 힘없이 주저앉거나 쓰러지는 소리	FLOP SIT SLIDE THUD		#행동 #몸
	투닥투닥	서로 뜻이 맞지 않아 이러니저러니 시비를 벌이는 모양	BICKER SQUABBLE QUARREL		#모션
	툭	1.슬쩍 치거나 건드리는 소리 2.조금 큰 것이 갑자기 발 따위에 걸리거나 차이는 소리	DROP PLACE KTUNK THUD (If heavy) BONK THUMP WHOMP (BUMP) (THWHAP) JAB NUDGE		#작은모션 #타격 #행동
	퉁	성이 나다	SWOLLEN (PUFFY)		#얼굴 #입 #표정
	퉁	회전 날개를 돌려서 생기는 양력과 추진력	thwip		#소리 #비행
	팅	순간적으로 힘을 가해 튀어 오르게 하거나 날려보내다	TWING, THWOCK, TWANG		#타격 #소리
	파스스	1.마른잎이나 가랑잎 따위를 거세게 밟을 때 나는 소리 2.단단하고 부스러지기 쉬운 물건을 거칠게 깨물 때 나는 소리	FWOOSH, FSSSH		#부서짐 #소리
	파앗	갑자기 지나가거나 사라지는 모양	(1) FLASH (2) VANISH	(2)SWOOSH SWOOP SWISH	#행동 #모션
	파지직	뜨거운 열에 닿아서 몹시 급하게 바싹 타거나 졸아붙을 때 나는 소리를 나타내는 말	VZZT		#소리
	팍	손으로 가볍게 쓸어 어루만지다	PAT STROKE PET WHACK (if hard)		#스킨쉽 #소리
	팍	거세게 찌르거나 찍거나 누르는 모양을 나타내는 말	POKE PRICK (PIERCE)		#타격 #소리
	팍	힘있게 치거나 내지르거나 쑤시는 소리	SLAM (BANG)		#타격 #소리
	팍	단단한 것에 세게 부딪치는 소리	SLAP SMACK SWAT SWACK		#타격 #소리
	팟	시야에서 벗어나 안 보이게 되다	FWIP SHWP VANISH FLASH		#행동 #모션
	퍽	크고 힘있는(무게감있는) 타격 소리	WHAM WHACK KICK BAM		#타격 #소리
	퍽	아주 맥없이 쓰러지거나 꺾이거나 엎어지는 소리	THWACK POW  THUD SMACK		#타격 #소리
	퍽	진흙 따위를 디딜 때 발이 깊이 빠지는 소리를 나타내는 말. 또는 그 모양을 나타내는 말.	PUSH SHOVE		#타격 #소리
	펄럭	바람에 날려 크게 흔들리다	FLUTTER 		#소리
	펄썩	갑자기 맥없이 주저앉거나 내려앉는 모양	FLOP		#행동 #몸
	펑	풍선이나 폭탄 따위가 갑자기 크고 매우 요란스럽게 터지는 소리	KABOOM FZZZ POW PSHOOO POP		#부서짐 #큰소리
	포옥	두 팔로 두르거나 당겨 가슴에 대거나 품다	EMBRACE GRAB HUG SQUEEZE		 #스킨쉽 #모습
	푸드덕	새가 날개를 크고 힘차게 치는 소리	FLAP FLUTTER		#소리 #비행 #동물
	푸욱	작은 물건으로 힘있고 깊게 찌르거나 쑤시거나 파는 모양을 나타내는 말	PIERCE POKE STAB		#타격 #소리
	푸욱	기세나 기운이 없어지다	DROOP SLOUCH SLUMP (DROP) (SINK)		#머리(head) #조용함 #작은모션
	푹	작은 물건으로 힘있고 깊게 찌르거나 쑤시거나 파는 모양을 나타내는 말	PIERCE POKE STAB		#타격 #소리
	푹	기세나 기운이 없어지다	DROOP SLOUCH SLUMP (DROP) (SINK)		#머리(head) #조용함 #작은모션
	풀썩	갑자기 힘없이 크게 주저앉거나 내려앉는 소리를 나타내는 말	FLOP SIT SLIDE THUD		#행동 #몸
	풉	참을 수 없어 터져 나오는 웃음소리	SPIT PUH (PFFT)		#웃음 #소리
	피식	웃음소리는 내지 않고 입술을 힘없이 터뜨리며 싱겁게 한 번 웃을 때 나는 소리	BEAM GRIN SMILE SMIRK (PLEASED) (ALL SMILES)		#웃음
	하아	몹시 놀라거나 숨이 차서, 순간적으로 숨을 들이마시거나 숨이 막힐 때 나는 소리	HA AH HAH *GASP*		#호흡 #모습 #표정
	하으아아아함	하품 소리	HAAAAH (verbal sound) YAWN		#호흡 #입 #표정
	핫	숨을 매우 가쁘고 거칠게 쉬는 소리를 나타내는 말	BREATHE INHALE GASP HUFF PHEW (relief)  WHEW SIGH		#호흡 #모습 #표정
	허둥지둥	몹시 다급하여 정신을 차릴 수 없을 만큼 마구 갈팡질팡하는 모양을 나타내는 말	HASTY PANIC RUSH FLUSTERED (feeling)		#큰모션
	헉	몹시 놀라거나 숨이 차서, 순간적으로 숨을 들이마시거나 숨이 막힐 때 나는 소리를 나타내는 말	PANT HUFF SURPRISED GASP FLINCH JOLT		#호흡 #소리
	헤벌쭉	이가 드러나 보일 정도로 입을 크게 벌리고 자꾸 웃다	BEAM GRIN SMILE SMIRK (PLEASED) (ALL SMILES)		#웃음 #밝음
	호로록	적은 양의 액체나 국수 따위를 가볍고 빠르게 들이마시는 소리	SIP SLURP		#입 #소리 #식사
	화끈	순간적으로 매우 부끄럽고 창피하여 얼굴이 빨개지다	BLUSH FLUSH (angry)		#표정 #감정 #얼굴
	화륵	세차게 활활 타오르는 불꽃	BLAZE		#느낌 #상태
	활짝	얼굴 가득히 웃음을 띤 모양	BEAM GRIN SMILE SMIRK (PLEASED) (ALL SMILES)		#웃음 #밝음
	홱	무엇을 힘있게 돌리거나 갑자기 돌아서는 모양을 나타내는 말	SHOO		#행동 #모션
	후다닥	갑자기 빠른 동작으로 뛰거나 몸을 움직이는 모양을 나타내는 말	RUSH TAP TAP TAP DASH CLACK CLACK CLACK (in heels) STOMP STOMP STOMP (angrily walking) SPRINT     SCRAMBLE SWERVE (SCAMPER)		#큰모션 #소리 #행동
	후비적	틈이나 구멍 속을 함부로 긁거나 돌려 파내다	SCRATCH (PICK) (DIG)		#작은모션
	후우	숨을 매우 가쁘고 거칠게 쉬는 소리를 나타내는 말	BREATHE INHALE GASP HUFF PHEW (relief)  WHEW SIGH		#호흡 #소리
	후줄근	1.약간 젖어 추레하다 2.고단하여 몸이 맥없이 늘어져 있다 3.손질하지 않아서 반듯하지 않고 주름이 잡히거나 늘어진 상태에 있다	SCRUFFY		#모습
	훅	시야에서 벗어나 안 보이게 되다	FWIP SHWP VANISH FLASH		#행동 #모션
	훌쩍	콧물을 들이마시면서 자꾸 흐느껴 울다	DRIBBLE OOZE (SNIFFLE) (SNIF)	do not use sniff	#호흡 #소리
	휘청	힘이 없어 똑바로 걷지 못하고 기우뚱하며 흔들리는 모양	STUMBLE TRIP		#행동 #모션
	휙	짧은 순간에 뿌리치거나 던지는 모양을 나타내는 말	GRAB SNAG SNATCH YANK		#작은모션 #행동
	휙	두 팔로 힘써 안거나 두 손으로 힘껏 붙잡다	EMBRACE GRAB HUG SQUEEZE		#모션 #빠름 #행동
	휙	곁눈으로 빠르게 노려보는 모양	GLANCE TURN (PEEK) (GLIMPSE)		#조용함 #모션
	휙	짧은 순간에 뿌리치거나 던지는 모양	DRAG TUG YANK WRENCH PULL		#행동 #모션
	휙	시야에서 벗어나 안 보이게 되다	FWIP SHWP VANISH FLASH		#행동 #모션
	휙	무엇이 갑자기 지나가거나 떠오르는 모양	AVERT AVOID TURN (DISMISSED)		#작은모션
	휙	좌우 또는 앞뒤로 자꾸 움직이게 하다	WAVE		#행동 #모션
	휴	힘든 일을 하거나 걱정거리가 있어 크고 길게 숨을 내쉴 때 내는 말	BREATHE INHALE GASP HUFF PHEW (relief)  WHEW SIGH		#호흡 #소리
	흐윽	기쁘거나 슬프거나 아파서 소리를 내며 눈물을 흘리다	HIC HNG BOOHOO SOB		#슬픔 #소리 #감정
	흐흑	기쁘거나 슬프거나 아파서 소리를 내며 눈물을 흘리다	WEEP SOB WAIL SNIFFLE SNIFF HIC HNG BOOHOO	*not a "spoken sound"	#슬픔 #소리 #감정
	흑	기쁘거나 슬프거나 아파서 소리를 내며 눈물을 흘리다	HIC HNG BOOHOO SOB		#슬픔 #소리 #감정
	흔들	이리저리 조금 크게 자꾸 흔들리다	SHAKE		#행동 #모션
	흠칫	깜짝 놀라서 갑자기 몸을 세게 움츠리는 모양을 나타내는 말	FLINCH TWITCH		#작은모션
	흣	어이없거나 흥미로운 일을 생각하거나 경험할 때 내는 말	BEAM GRIN SMILE SMIRK (PLEASED) (ALL SMILES)		#웃음
	힐끔	곁눈질하여 재빨리 쳐다보는 모양	GLANCE		#작은모션
	힝	기쁘거나 슬프거나 아파서 소리를 내다	HIC HNG BOOHOO SOB		#슬픔 #소리 #감정
	힝구	기쁘거나 슬프거나 아파서 소리를 내며 눈물을 흘리다	HIC HNG BOOHOO SOB		#슬픔 #소리 #감정
	후우	입을 크게 벌렸다 오므리며 담배를 세게 빠는 모양을 나타내는 말	DRAG INHALE HOO EXHALE PUFF		#호흡 #모습 #입
	잠잠	1.가만히 있으면서 아무 말이 없다 2.움직이지 않고 가라앉은 상태	DEEP THOUGHT FOCUSED PONDER (PENSIVE)		#조용함
	쫑긋	입이나 귀를 꼿꼿이 세우거나 뾰족이 내미는 모양	PERK (ALERT)		#행동 #모션
	갈팡질팡	마음이나 상황 따위가 확고하지 못하고 흔들림	FLAIL (PANIC)		#감정 #느낌
	쿵쿵	세게 내리밟다	STOMP (DASH)		#큰모션 #소리 #행동
	욱신	몸과 마음의 아픔이나 괴로움을 겪다	PANG		#상태 #고통 #느낌
	골똘	이리저리 헤아리며 깊이 생각하는 상태	PONDER WONDER		#감정 #느낌
	멍	사람이 하려고 한 말이 나오지 못하게 되다	DAZED/DUMBFOUNDED		#표정 #감정 #얼굴
	추욱	희망이 없어져 체념하고 포기함	DESPAIR		#감정
	또옥	작은 물체가 잇따라 가볍게 떨어지는 소리	TAP TAP		#액체 #소리
	큐	작은 동물의 소리의 일종	GYUU/KYUU MEW KREE NOM TRILL SNUFF YIP		#동물 #소리
	꿀꿀	돼지가 내는 소리	GRUNT OINK SNORT GWEEEEK / GWEEEE		#동물 #소리
	사사삭	조용하고 빠르게 움직이는 소리	PSHHK, FWISH 		#소리
	푸슉	화살이나 탄환 따위가 겨냥한 곳에 바로 맞음	SHLUNK		#타격 #소리
	피융	총 따위가 강하게 터질 때 나는 소리	PEW		#타격 #소리
	쫘악	단번에 거침없이 갈라지거나 세게 찢어지는 모양	SNAP, SLASH, FWIP		#타격 #소리
	에헴	짐짓 위엄을 내거나 자기가 있음을 알리기 위하여 크게 헛기침을 할 때 하는 말	ahem		#소리 #감정
	메에	양이나 염소의 울음소리	baa		#동물 #소리
	흥	대수롭지 않다고 생각하여 비웃거나 아니꼬울 때 코로 내는 말	bah		#소리
	꺼억	구역질이 나서 갑자기 토하거나 트림하는 소리	belch		#소리
	우우	여러 사람이 한꺼번에 남을 야유할 때 내는 말	boo		#군중 #소리 #큰소리
	삐약삐약	병아리가 계속 약하게 우는 소리	cheep-cheep		#동물 #소리
	딩동	초인종이 울리는 소리	chime		#소리
	재잘재잘	빠르고 떠들썩하게 자꾸 이야기하는 소리	chatter		#소리
	쨍그랑	얇은 쇠붙이나 유리 따위가 세게 떨어지거나 부딪쳐 울리는 소리	clang		#부서짐 #큰소리
	짝짝	환영, 축하, 기쁨, 찬성의 표시 등으로 손뼉을 마주 두드리거나 침	clap		#소리 #큰소리
	꼬꼬댁	닭이 깜짝 놀라거나 알을 낳은 뒤에 우는 소리	cluck		#동물 #소리
	뻐꾹	뻐꾸기가 우는 소리	cuckoo		#동물 #소리
	이크	갑작스러운 일로 몹시 놀라 급히 멈추거나 피할 때 내는 말	eek		#소리 #감정 #급작
	콜록콜록	가슴 얕은 곳에서 잇따라 울려 나오는 작은 기침 소리	hack		#소리 #고통
	딸꾹	딸꾹질하는 소리	hiccup		#상태 #소리
	흠	언짢거나 아니꼬울 때 입을 다물고 콧숨을 내쉬며 내는 말	huh		#호흡 #소리
	음매	소가 우는 소리	moo		#동물 #소리
	아야	갑자기 아픔을 느낄 때 내는 말	ouch ow		#소리 #고통
	퐁당	작고 단단한 물건이 물에 떨어지거나 빠질 때 가볍게 나는 소리	plop		#액체 #소리
	꽥꽥	거위가 우는 소리와 같이 목청을 높여 갑자기 꽥꽥 지르는 소리	quack		#동물 #소리
	쉿	소리를 내지 말라는 뜻으로 급하게 내는 말	shush		#입 #소리
	싹둑	연한 물건을 거침없이 단번에 자르거나 베는 소리	snip		#작은소리
	똑딱똑딱	시계나 작은 기계 따위가 잇따라 돌아가는 소리	tick-tock		#작은소리
	웩	역겨움·불쾌감을 나타내는 소리	ugh		#소리 #감정
	쌩	바람이 빠르고 세차게 스쳐지나가거나, 물체가 세찬 바람을 일으키며 재빠르게 지나갈 때 나는 소리	whizz		#소리 #빠름
	히죽히죽	마음에 흡족하여 슬며시 자꾸 웃는 모양			#표정 #웃음 #얼굴
	퍼뜩	어떤 생각이 갑자기 아주 순간적으로 떠오르는 모양			#표정 #감정 #얼굴
	폴짝	가볍고 힘있게 뛰어오르는 모양			#모션 #행동
	철썩	1.큰 물체가 끈기 있고 거세게 부딪치거나 달라붙을 때 나는 소리 2.많은 양의 액체가 넓고 평평한 물체에 끈기 있고 몹시 세게 부딪칠 때 나는 소리			#타격 #소리 #액체
	질질	바닥에 늘어지거나 닿아서 느리게 끌리는 소리. 또는 그 모양			#모션 #행동
	쭈뼛쭈뼛	부끄럽거나 무서워서 쉽게 나서지 못하고 자꾸 몹시 머뭇거리는 모양			#작은모션 #행동
	이글이글	1.불이 활활 타서 불꽃이 피어오르는 모양 2.정열이나 분노 따위의 감정이 매우 왕성하게 나타나 보이는 모양			#상태 #감정 #화남
	뭉게뭉게	연기나 구름 따위가 크고 둥글게 뭉쳐서 잇달아 나오는 모양			#느낌 #상태
	울컥	격한 감정이 갑자기 심하게 치미는 모양			#상태 #감정
	바삭	단단하고 부스러지기 쉬운 물건을 가볍게 깨물 때 나는 소리			#부서짐 #소리
	발끈	사소한 일에 왈칵 성을 내는 모양			#표정 #감정 #화남
	오도독	1.작고 단단한 물건을 깨무는 소리 2.작고 단단한 물체가 꺾이거나 부러지는 소리			#부서짐 #작은소리
	쓱싹쓱싹	톱질이나 줄질을 할 때 자꾸 쓸리면서 나는 소리			#소리
	씰룩	얼굴이나 근육의 한 부분이 한쪽으로 세게 비뚤어지게 움직이는 모양			#표정 #감정 #얼굴
	스르르	얽히거나 맺히거나 묶인 것이 부드럽게 풀리는 모양			#모션
	글썽	눈에 눈물이 넘칠 듯이 그득하게 고이는 모양			#슬픔 #표정
	덜컥	단단한 물건이 서로 거세게 부딪치는 소리			#소리
	첨벙	크고 무거운 물체가 물에 거칠게 떨어져 잠길 때 나는 소리			#액체 #소리
	살랑살랑	가벼운 물체나 물결 따위가 바람에 조금씩 자꾸 흔들리거나 움직이는 모양			#작은모션
	복슬복슬	살이 통통하게 찌거나 털이 많아 매우 귀엽고 탐스러운 모양을 나타내는 말			#느낌 #상태